bits,lcg,lfg
40,3.180111998081207,20.313536009311676
56,3.0760890040397646,19.582983004570007
80,3.5865140056610105,21.429219984531404
128,4.090925989627838,25.423610003948212
168,5.062855001449585,28.69049200963974
224,5.826792001724243,33.93681000375748
256,6.292164995670318,37.17455100250244
512,12.398815989494324,71.86093399953842
1024,34.403726997375486,184.51282899713516
2048,153.63681999015807,762.6260790033341
4096,964.6065579895974,4102.070882999897